[{"pk": 1, "model": "contenttypes.contenttype", "fields": {"model": "permission", "name": "permission", "app_label": "auth"}}, {"pk": 2, "model": "contenttypes.contenttype", "fields": {"model": "group", "name": "group", "app_label": "auth"}}, {"pk": 3, "model": "contenttypes.contenttype", "fields": {"model": "user", "name": "user", "app_label": "auth"}}, {"pk": 4, "model": "contenttypes.contenttype", "fields": {"model": "contenttype", "name": "content type", "app_label": "contenttypes"}}, {"pk": 5, "model": "contenttypes.contenttype", "fields": {"model": "session", "name": "session", "app_label": "sessions"}}, {"pk": 6, "model": "contenttypes.contenttype", "fields": {"model": "site", "name": "site", "app_label": "sites"}}, {"pk": 7, "model": "contenttypes.contenttype", "fields": {"model": "logentry", "name": "log entry", "app_label": "admin"}}, {"pk": 8, "model": "contenttypes.contenttype", "fields": {"model": "level", "name": "level", "app_label": "Game"}}, {"pk": 9, "model": "contenttypes.contenttype", "fields": {"model": "question", "name": "question", "app_label": "Game"}}, {"pk": 10, "model": "contenttypes.contenttype", "fields": {"model": "answer", "name": "answer", "app_label": "Game"}}, {"pk": 11, "model": "contenttypes.contenttype", "fields": {"model": "apiaccess", "name": "api access", "app_label": "tastypie"}}, {"pk": 12, "model": "contenttypes.contenttype", "fields": {"model": "apikey", "name": "api key", "app_label": "tastypie"}}, {"pk": "la1xh870e67hoehme1wn5u5nzch01mbb", "model": "sessions.session", "fields": {"expire_date": "2013-08-15T10:21:55.201Z", "session_data": "MWI5NDNiMmMyOTllMjcwZTE4MDg3NjhmNGY5NzY0MzI1OGU0OTlkMDqAAn1xAShVEl9hdXRoX3VzZXJfYmFja2VuZHECVSlkamFuZ28uY29udHJpYi5hdXRoLmJhY2tlbmRzLk1vZGVsQmFja2VuZHEDVQ1fYXV0aF91c2VyX2lkcQRLAXUu"}}, {"pk": "lolty4yfu2tsyxktojp3psp98eig3ou8", "model": "sessions.session", "fields": {"expire_date": "2013-07-31T22:48:37.496Z", "session_data": "MWI5NDNiMmMyOTllMjcwZTE4MDg3NjhmNGY5NzY0MzI1OGU0OTlkMDqAAn1xAShVEl9hdXRoX3VzZXJfYmFja2VuZHECVSlkamFuZ28uY29udHJpYi5hdXRoLmJhY2tlbmRzLk1vZGVsQmFja2VuZHEDVQ1fYXV0aF91c2VyX2lkcQRLAXUu"}}, {"pk": "w81yhmwbhujj4jcf1mr6brxqfcmx5hmp", "model": "sessions.session", "fields": {"expire_date": "2013-07-17T22:45:38.185Z", "session_data": "MWI5NDNiMmMyOTllMjcwZTE4MDg3NjhmNGY5NzY0MzI1OGU0OTlkMDqAAn1xAShVEl9hdXRoX3VzZXJfYmFja2VuZHECVSlkamFuZ28uY29udHJpYi5hdXRoLmJhY2tlbmRzLk1vZGVsQmFja2VuZHEDVQ1fYXV0aF91c2VyX2lkcQRLAXUu"}}, {"pk": 1, "model": "sites.site", "fields": {"domain": "example.com", "name": "example.com"}}, {"pk": 1, "model": "Game.level", "fields": {"description": "Lorem ipsum dolor sit amet, consectetur adipiscing elit. Sed ac enim tempus, vestibulum velit aliquam, tristique ipsum. Nam sagittis vestibulum quam, quis facilisis ligula ullamcorper eget. Sed lorem odio, convallis in elit vel, dignissim porttitor enim. Phasellus a eleifend nunc. Sed a urna viverra, molestie nisi et, lobortis quam. Nullam fermentum nulla sed porttitor porta. Suspendisse molestie turpis dui, vitae semper lorem pharetra eget. Nullam non sapien est. Nunc imperdiet nulla et urna suscipit, et tincidunt nibh lacinia.\r\n", "title": "Level 1 - Europe","latitude": "53.904338", "longitude": "12.83203125"}}, {"pk": 2, "model": "Game.level", "fields": {"description": "Lorem ipsum dolor sit amet, consectetur adipiscing elit. Sed erat leo, gravida ac felis volutpat, dapibus tristique arcu. Nunc dapibus pellentesque euismod. Pellentesque ac ligula aliquam, aliquet neque quis, interdum turpis. Curabitur tempor dolor laoreet nibh porttitor, quis venenatis ligula rhoncus. Duis rutrum vehicula est ut rutrum. In ut tellus ut magna porttitor iaculis. Aenean rhoncus nulla a magna tempus, sit amet hendrerit dolor blandit.\r\n", "title": "Level 2 - Latin America","latitude": "-4.9158328", "longitude": "-61.875"}}, {"pk": 3, "model": "Game.level", "fields": {"description": "Lorem ipsum dolor sit amet, consectetur adipiscing elit. Sed ac enim tempus, vestibulum velit aliquam, tristique ipsum. Nam sagittis vestibulum quam, quis facilisis ligula ullamcorper eget. Sed lorem odio, convallis in elit vel, dignissim porttitor enim. Phasellus a eleifend nunc. Sed a urna viverra, molestie nisi et, lobortis quam. Nullam fermentum nulla sed porttitor porta. Suspendisse molestie turpis dui, vitae semper lorem pharetra eget. Nullam non sapien est. Nunc imperdiet nulla et urna suscipit, et tincidunt nibh lacinia.", "title": "Level 3 - N-America", "latitude": "39.70718665", "longitude": "-102.3046875"}}, {"pk": 1, "model": "Game.question", "fields": {"question": "Sappho is the most famous female poet of Europe. What did she most often write  about?", "level": 1}}, {"pk": 2, "model": "Game.question", "fields": {"question": "In 1979, an encyclopedia about famous homosexual women was written. There, Sappho was described with:", "level": 1}}, {"pk": 3, "model": "Game.question", "fields": {"question": "Who was the first person to write plays in Christian Europe?", "level": 1}}, {"pk": 4, "model": "Game.question", "fields": {"question": "In the 10th century, women of high birth had great opportunities for learning in:", "level": 1}}, {"pk": 5, "model": "Game.question", "fields": {"question": "In the plays of Hrotsvit of Gandersheim (the first European plays during Christianity) the main characters always want to:", "level": 1}}, {"pk": 6, "model": "Game.question", "fields": {"question": "Hildegard of Bingen, theologian, mystic, scientist and music composer of the 13th century, had a very unusual childhood. Why?", "level": 1}}, {"pk": 7, "model": "Game.question", "fields": {"question": "Hildegard both practised medicine and wrote about it, even if she lived in an age when putting a lion\u2019s ear on your head to get rid of a headache did not seem like an unreasonable thing to suggest. What are the names of her two books of medicine?", "level": 1}}, {"pk": 8, "model": "Game.question", "fields": {"question": "Hildegard became famous in her own time because of her religious visions. When she put them into writing, she supervised the illustrations of the manuscripts, to make them available to others. What things did she see most often?", "level": 1}}, {"pk": 9, "model": "Game.question", "fields": {"question": "Anna Komnene was the oldest daughter of Alexios I, emperor of Constantinople. It is therefore maybe not surprising that she wasn\u2019t exactly weighed down with low self-esteem. Name one thing that she does NOT mention when she talks about herself in her writings:", "level": 1}}, {"pk": 10, "model": "Game.question", "fields": {"question": "When her father, Alexios I, died, it is likely that Anna Komnene:", "level": 1}}, {"pk": 11, "model": "Game.question", "fields": {"question": "Anna Komnene\u2019s great historical work, the Alexiad, is famous because:", "level": 1}}, {"pk": 12, "model": "Game.question", "fields": {"question": "Birgitta Birgersdatter, was a 14th century woman who was made a saint after her death. She was, however, a very unconventional saint by any standards. This was mainly because:", "level": 1}}, {"pk": 13, "model": "Game.question", "fields": {"question": "Over her long life, Birgitta made public around 700 supernatural revelations. Many of them were directed to influential people of her time, and commented on contemporary politics. (Incidentally, the heavenly advice Birgitta claimed to be forwarding actually coincided very well with her own opinions). Which one of these things did Birgitta NOT advocate?", "level": 1}}, {"pk": 14, "model": "Game.question", "fields": {"question": "Birgitta founded a new monastery order, called the Bridgettines. What was so special about the new order, and caused considerable trouble with the traditional church?", "level": 1}}, {"pk": 15, "model": "Game.question", "fields": {"question": "In the middle ages, a female writer had the same goal as the Reconesse Database, to create a historical overview of interesting women in history. Her work was called The Book of the City of the Ladies. What was her name?", "level": 1}}, {"pk": 16, "model": "Game.question", "fields": {"question": "Christine de Pizan was a pioneer in many things, for example she:", "level": 1}}, {"pk": 17, "model": "Game.question", "fields": {"question": "Christine de Pizan is often called a proto-feminist. That is because:", "level": 1}}, {"pk": 18, "model": "Game.question", "fields": {"question": "Blanche of Namur was born in the 14th century in modern-day Belgium, but she was queen of Norway and Sweden by marriage. She was the first Norwegian queen that:", "level": 1}}, {"pk": 19, "model": "Game.question", "fields": {"question": "For a long time, Blanche of Namur lived in Tunsberg and Bohus, these places were:", "level": 1}}, {"pk": 20, "model": "Game.question", "fields": {"question": "Blanche and her husband were not completely successful monarchs, and as a result they were the victims of accusations and even slander. Which of these things was Blanche NOT accused of?", "level": 1}}, {"pk": 21, "model": "Game.question", "fields": {"question": "Charlotte Corday was a participant in the French Revolution and died in 1793. What was her part in the politics of her day?", "level": 1}}, {"pk": 22, "model": "Game.question", "fields": {"question": "Who was Charlotte\u2019s Corday idol?", "level": 1}}, {"pk": 23, "model": "Game.question", "fields": {"question": "Why did Charlotte Corday kill Jean Paul Marat?", "level": 1}}, {"pk": 24, "model": "Game.question", "fields": {"question": "Mary Wollstonecraft was a British philosopher and writer in the 18th century. She started her career as a teacher, but many of her theories on teaching were so radical that she could not follow them, or she might have lost her pupils. These theories included:", "level": 1}}, {"pk": 25, "model": "Game.question", "fields": {"question": "Mary Wollstonecraft witnessed the beginning of the French Revolution. What was NOT her reaction?", "level": 1}}, {"pk": 26, "model": "Game.question", "fields": {"question": "Mary Wollstonecraft died in 1797, at the age of 38. Her widower, William Godwin, wrote a book in her memory shortly afterwards, to uphold her memory. The public reaction was:", "level": 1}}, {"pk": 27, "model": "Game.question", "fields": {"question": "Ada Lovelace was raised by:", "level": 1}}, {"pk": 28, "model": "Game.question", "fields": {"question": "Who was La Malinche? ", "level": 2}}, {"pk": 29, "model": "Game.question", "fields": {"question": "What part did La Malinche play during the conquest of Centro-America? ", "level": 2}}, {"pk": 30, "model": "Game.question", "fields": {"question": "Who was Sacagawea?", "level": 3}}, {"pk": 31, "model": "Game.question", "fields": {"question": "What was Sacagawea's part in the Lewis and Clark expedition?", "level": 3}}, {"pk": 32, "model": "Game.question", "fields": {"question": "Where does our historical information about Sacagawea come from?", "level": 3}}, {"pk": 33, "model": "Game.question", "fields": {"question": "Sojourner Truth was separated from her parents at the age of nine. Why?", "level": 3}}, {"pk": 34, "model": "Game.question", "fields": {"question": "In 1843, Sojourner Truth left her old life behind, along with her old name Isabella Van Wagener and set out on the road to east. Why did she pick a new name?", "level": 3}}, {"pk": 35, "model": "Game.question", "fields": {"question": "What was the purpose of Sojourner\u2019s famous speeches?", "level": 3}}, {"pk": 36, "model": "Game.question", "fields": {"question": "In 1868-1870, Susan B. Anthony managed the publication of a weekly newspaper. What was it called and what was its motto?", "level": 3}}, {"pk": 37, "model": "Game.question", "fields": {"question": "In 1873, Susan B. Anthony was judged guilty of a crime. What was her offense?", "level": 3}}, {"pk": 38, "model": "Game.question", "fields": {"question": "Susan B. Anthony left the profession of teaching at the age of 29. How did she support herself after that?", "level": 3}}, {"pk": 39, "model": "Game.question", "fields": {"question": "Emily Carr was:", "level": 3}}, {"pk": 40, "model": "Game.question", "fields": {"question": "Emily Carr finished her education as an artist in France in 1911. When she returned back home to Canada, she:", "level": 3}}, {"pk": 41, "model": "Game.question", "fields": {"question": "For 15 years, Emily Carr could not paint because of economical problems. Renting out rooms, making pottery for tourists and breeding dogs took up all her time. At last, she:", "level": 3}}, {"pk": 42, "model": "Game.question", "fields": {"question": "What was Billie Holiday\u2019s childhood like?", "level": 3}}, {"pk": 43, "model": "Game.question", "fields": {"question": "One of Billie Holiday's most famous song is called Strange Fruit. What is it about?", "level": 3}}, {"pk": 44, "model": "Game.question", "fields": {"question": "Billie Holiday is remembered as a musician because:", "level": 3}}, {"pk": 1, "model": "Game.answer", "fields": {"answer": "Maternal love", "question": 1, "rightAnswer": false}}, {"pk": 2, "model": "Game.answer", "fields": {"answer": "Her patriotism", "question": 1, "rightAnswer": false}}, {"pk": 3, "model": "Game.answer", "fields": {"answer": "Her love and desire for other women", "question": 1, "rightAnswer": true}}, {"pk": 4, "model": "Game.answer", "fields": {"answer": "Her aspirations to found a school for girls", "question": 1, "rightAnswer": false}}, {"pk": 5, "model": "Game.answer", "fields": {"answer": "A blank page", "question": 2, "rightAnswer": true}}, {"pk": 6, "model": "Game.answer", "fields": {"answer": "Praise for her poetry", "question": 2, "rightAnswer": false}}, {"pk": 7, "model": "Game.answer", "fields": {"answer": "References to the censoring of Christian commentators", "question": 2, "rightAnswer": false}}, {"pk": 8, "model": "Game.answer", "fields": {"answer": "Lines from her own poems", "question": 2, "rightAnswer": false}}, {"pk": 9, "model": "Game.answer", "fields": {"answer": "Shakespeare", "question": 3, "rightAnswer": false}}, {"pk": 10, "model": "Game.answer", "fields": {"answer": "Hildegard of Bingen", "question": 3, "rightAnswer": false}}, {"pk": 11, "model": "Game.answer", "fields": {"answer": "Peter Abelard", "question": 3, "rightAnswer": false}}, {"pk": 12, "model": "Game.answer", "fields": {"answer": "Hrotsvit of Gandersheim ", "question": 3, "rightAnswer": true}}, {"pk": 13, "model": "Game.answer", "fields": {"answer": "The public school system", "question": 4, "rightAnswer": false}}, {"pk": 14, "model": "Game.answer", "fields": {"answer": "The famous cathedral schools in Paris, Oxford and Bologna", "question": 4, "rightAnswer": false}}, {"pk": 15, "model": "Game.answer", "fields": {"answer": "The kitchen", "question": 4, "rightAnswer": false}}, {"pk": 16, "model": "Game.answer", "fields": {"answer": "Monasteries", "question": 4, "rightAnswer": true}}, {"pk": 17, "model": "Game.answer", "fields": {"answer": "Party \u2018till they drop dead", "question": 5, "rightAnswer": false}}, {"pk": 18, "model": "Game.answer", "fields": {"answer": "Become rich and famous", "question": 5, "rightAnswer": false}}, {"pk": 19, "model": "Game.answer", "fields": {"answer": "Die a painful death to avoid having sex", "question": 5, "rightAnswer": true}}, {"pk": 20, "model": "Game.answer", "fields": {"answer": "Settle down and have children", "question": 5, "rightAnswer": false}}, {"pk": 21, "model": "Game.answer", "fields": {"answer": "She was an anchoress, which meant that she was an apprentice on a sail boat", "question": 6, "rightAnswer": false}}, {"pk": 22, "model": "Game.answer", "fields": {"answer": "She was under the supervision of the most prominent scholars and teachers of her day", "question": 6, "rightAnswer": false}}, {"pk": 23, "model": "Game.answer", "fields": {"answer": "She was an anchoress, which meant that she lived in almost total seclusion in a walled cell for religious reasons", "question": 6, "rightAnswer": true}}, {"pk": 24, "model": "Game.answer", "fields": {"answer": "She was the heir to a great estate, which she abandoned to become a religious scholar  ", "question": 6, "rightAnswer": false}}, {"pk": 25, "model": "Game.answer", "fields": {"answer": "Scivias and Symphonia", "question": 7, "rightAnswer": false}}, {"pk": 26, "model": "Game.answer", "fields": {"answer": "Book of Life\u2019s Merits and Book of the Divine Works", "question": 7, "rightAnswer": false}}, {"pk": 27, "model": "Game.answer", "fields": {"answer": "Book of Headache Remedies and Book of Treatments of Hunting Accidents", "question": 7, "rightAnswer": false}}, {"pk": 28, "model": "Game.answer", "fields": {"answer": "Physica and Causae et Curae", "question": 7, "rightAnswer": true}}, {"pk": 29, "model": "Game.answer", "fields": {"answer": "Sparkling fire and images of Doomsday", "question": 8, "rightAnswer": false}}, {"pk": 30, "model": "Game.answer", "fields": {"answer": "Angels with spread wings", "question": 8, "rightAnswer": false}}, {"pk": 31, "model": "Game.answer", "fields": {"answer": "Fanged demons and hideous worms", "question": 8, "rightAnswer": false}}, {"pk": 32, "model": "Game.answer", "fields": {"answer": "Shooting stars and a blazing light ", "question": 8, "rightAnswer": true}}, {"pk": 33, "model": "Game.answer", "fields": {"answer": "Her intelligence", "question": 9, "rightAnswer": false}}, {"pk": 34, "model": "Game.answer", "fields": {"answer": "Her fabulous looks", "question": 9, "rightAnswer": true}}, {"pk": 35, "model": "Game.answer", "fields": {"answer": "Her high social standing", "question": 9, "rightAnswer": false}}, {"pk": 36, "model": "Game.answer", "fields": {"answer": "Her education", "question": 9, "rightAnswer": false}}, {"pk": 37, "model": "Game.answer", "fields": {"answer": "became mad with grief", "question": 10, "rightAnswer": false}}, {"pk": 38, "model": "Game.answer", "fields": {"answer": "decided to retire from political life", "question": 10, "rightAnswer": false}}, {"pk": 39, "model": "Game.answer", "fields": {"answer": "tried to take over the throne", "question": 10, "rightAnswer": true}}, {"pk": 40, "model": "Game.answer", "fields": {"answer": "was finally free to pursue her scholarly interests", "question": 10, "rightAnswer": false}}, {"pk": 41, "model": "Game.answer", "fields": {"answer": "It is the best Byzantine description of the time of the crusades", "question": 11, "rightAnswer": true}}, {"pk": 42, "model": "Game.answer", "fields": {"answer": "It includes detailed descriptions of the social life of Constantinople", "question": 11, "rightAnswer": false}}, {"pk": 43, "model": "Game.answer", "fields": {"answer": "It is an accurate history of the Byzantine Church", "question": 11, "rightAnswer": false}}, {"pk": 44, "model": "Game.answer", "fields": {"answer": "It contains the only eyewitness account of a resurrection", "question": 11, "rightAnswer": false}}, {"pk": 45, "model": "Game.answer", "fields": {"answer": "She was so meek and humble that she covered herself with a veil and few people actually ever saw her. She lived in total seclusion", "question": 12, "rightAnswer": false}}, {"pk": 46, "model": "Game.answer", "fields": {"answer": "She lived an active life, married and had children before devoting her life to her religion, and participated in politics until her death", "question": 12, "rightAnswer": true}}, {"pk": 47, "model": "Game.answer", "fields": {"answer": "She was a military figure and led an army", "question": 12, "rightAnswer": false}}, {"pk": 48, "model": "Game.answer", "fields": {"answer": "She never travelled but still enjoyed an international fame", "question": 12, "rightAnswer": false}}, {"pk": 49, "model": "Game.answer", "fields": {"answer": "The downfall of the king of her native country", "question": 13, "rightAnswer": false}}, {"pk": 50, "model": "Game.answer", "fields": {"answer": "The return of the Pope from Avignon to Rome", "question": 13, "rightAnswer": false}}, {"pk": 51, "model": "Game.answer", "fields": {"answer": "A solution to the Hundred Years War", "question": 13, "rightAnswer": false}}, {"pk": 52, "model": "Game.answer", "fields": {"answer": "A revolt of peasants against economic oppression", "question": 13, "rightAnswer": true}}, {"pk": 53, "model": "Game.answer", "fields": {"answer": "The nuns and monks were supposed to take active part in politics", "question": 14, "rightAnswer": false}}, {"pk": 54, "model": "Game.answer", "fields": {"answer": "The nuns and monks were allowed to marry", "question": 14, "rightAnswer": false}}, {"pk": 55, "model": "Game.answer", "fields": {"answer": "The abbess was not only the supervisor of the nuns but also of the monks", "question": 14, "rightAnswer": true}}, {"pk": 56, "model": "Game.answer", "fields": {"answer": "The abbess had her own army", "question": 14, "rightAnswer": false}}, {"pk": 57, "model": "Game.answer", "fields": {"answer": "Hildegard of Bingen ", "question": 15, "rightAnswer": false}}, {"pk": 58, "model": "Game.answer", "fields": {"answer": "Christine de Pizan", "question": 15, "rightAnswer": true}}, {"pk": 59, "model": "Game.answer", "fields": {"answer": "Mary Wollestonecraft ", "question": 15, "rightAnswer": false}}, {"pk": 60, "model": "Game.answer", "fields": {"answer": "Anna Komnene", "question": 15, "rightAnswer": false}}, {"pk": 61, "model": "Game.answer", "fields": {"answer": "Started the first literary debate, known as La Querelle des Femmes", "question": 16, "rightAnswer": true}}, {"pk": 62, "model": "Game.answer", "fields": {"answer": "Wrote the first medieval cookbook, called La  Quesadilla des Femmes", "question": 16, "rightAnswer": false}}, {"pk": 63, "model": "Game.answer", "fields": {"answer": "Was the first woman in France to get a university degree", "question": 16, "rightAnswer": false}}, {"pk": 64, "model": "Game.answer", "fields": {"answer": "Was the first woman in Europe to own a printing press", "question": 16, "rightAnswer": false}}, {"pk": 65, "model": "Game.answer", "fields": {"answer": "She wanted women to have the vote", "question": 17, "rightAnswer": false}}, {"pk": 66, "model": "Game.answer", "fields": {"answer": "She spoke about the right of women to get a divorce", "question": 17, "rightAnswer": false}}, {"pk": 67, "model": "Game.answer", "fields": {"answer": "She wanted women to have equal salary and the same job opportunities as men", "question": 17, "rightAnswer": false}}, {"pk": 68, "model": "Game.answer", "fields": {"answer": "She believed women were just as intelligent and morally upright as men", "question": 17, "rightAnswer": true}}, {"pk": 69, "model": "Game.answer", "fields": {"answer": "took an active interest in literature and had many European romances translated to the Scandinavian languages", "question": 18, "rightAnswer": false}}, {"pk": 70, "model": "Game.answer", "fields": {"answer": "was divorced by her husband because of her inability to have children", "question": 18, "rightAnswer": false}}, {"pk": 71, "model": "Game.answer", "fields": {"answer": "owned and ruled over important economic and military areas", "question": 18, "rightAnswer": true}}, {"pk": 72, "model": "Game.answer", "fields": {"answer": "wore a crown", "question": 18, "rightAnswer": false}}, {"pk": 73, "model": "Game.answer", "fields": {"answer": "Monasteries", "question": 19, "rightAnswer": false}}, {"pk": 74, "model": "Game.answer", "fields": {"answer": "Military fortresses", "question": 19, "rightAnswer": true}}, {"pk": 75, "model": "Game.answer", "fields": {"answer": "Outposts of the court", "question": 19, "rightAnswer": false}}, {"pk": 76, "model": "Game.answer", "fields": {"answer": "Market towns", "question": 19, "rightAnswer": false}}, {"pk": 77, "model": "Game.answer", "fields": {"answer": "Murdering her own offspring", "question": 20, "rightAnswer": false}}, {"pk": 78, "model": "Game.answer", "fields": {"answer": "Stealing from the pope", "question": 20, "rightAnswer": false}}, {"pk": 79, "model": "Game.answer", "fields": {"answer": "Adultery", "question": 20, "rightAnswer": false}}, {"pk": 80, "model": "Game.answer", "fields": {"answer": "Drinking too much", "question": 20, "rightAnswer": true}}, {"pk": 81, "model": "Game.answer", "fields": {"answer": "She wrote articles for an influential newspaper, Ami du Peuple", "question": 21, "rightAnswer": false}}, {"pk": 82, "model": "Game.answer", "fields": {"answer": "She committed suicide to draw attention to the extreme violence people suffered during the revolution", "question": 21, "rightAnswer": false}}, {"pk": 83, "model": "Game.answer", "fields": {"answer": "She was one of the many political prisoners who died in the September Massacres", "question": 21, "rightAnswer": false}}, {"pk": 84, "model": "Game.answer", "fields": {"answer": "She murdered a politician", "question": 21, "rightAnswer": true}}, {"pk": 85, "model": "Game.answer", "fields": {"answer": "Marie Antoinette", "question": 22, "rightAnswer": false}}, {"pk": 86, "model": "Game.answer", "fields": {"answer": "The Virgin Mary", "question": 22, "rightAnswer": false}}, {"pk": 87, "model": "Game.answer", "fields": {"answer": "Joan of Arc", "question": 22, "rightAnswer": false}}, {"pk": 88, "model": "Game.answer", "fields": {"answer": "Marcus Junius Brutus", "question": 22, "rightAnswer": true}}, {"pk": 89, "model": "Game.answer", "fields": {"answer": "Marat was very sick and she wanted to relieve him of his pain", "question": 23, "rightAnswer": false}}, {"pk": 90, "model": "Game.answer", "fields": {"answer": "She wanted to take over the influential position of Marat in the national convention", "question": 23, "rightAnswer": false}}, {"pk": 91, "model": "Game.answer", "fields": {"answer": "She wanted to become a martyr for her own political cause", "question": 23, "rightAnswer": true}}, {"pk": 92, "model": "Game.answer", "fields": {"answer": "She was against the French Revolution and wanted to stop it", "question": 23, "rightAnswer": false}}, {"pk": 93, "model": "Game.answer", "fields": {"answer": "Beating the students with a new type of automatic whip, invented in the United States", "question": 24, "rightAnswer": false}}, {"pk": 94, "model": "Game.answer", "fields": {"answer": "Forbidding the children to contact their parents during the school year", "question": 24, "rightAnswer": false}}, {"pk": 95, "model": "Game.answer", "fields": {"answer": "Telling the students the biological truth about conception", "question": 24, "rightAnswer": false}}, {"pk": 96, "model": "Game.answer", "fields": {"answer": "Providing the students with a nurturing environment where girls were taught the same things as the boys", "question": 24, "rightAnswer": true}}, {"pk": 97, "model": "Game.answer", "fields": {"answer": "Write the political treatise A Vindication of the Rights of Men", "question": 25, "rightAnswer": false}}, {"pk": 98, "model": "Game.answer", "fields": {"answer": "Write the political treatise A Vindication of the Rights of Woman", "question": 25, "rightAnswer": false}}, {"pk": 99, "model": "Game.answer", "fields": {"answer": "Be outraged and drink an incredible amount of tea to relax the nerves", "question": 25, "rightAnswer": true}}, {"pk": 100, "model": "Game.answer", "fields": {"answer": "Move to France into the thick of it", "question": 25, "rightAnswer": false}}, {"pk": 101, "model": "Game.answer", "fields": {"answer": "The book was shunned and booksellers refused to have it on display", "question": 26, "rightAnswer": false}}, {"pk": 102, "model": "Game.answer", "fields": {"answer": "Wollstonecraft\u2019s ideas sparked a vigorous debate between conservatives and reformists on women\u2019s rights", "question": 26, "rightAnswer": false}}, {"pk": 103, "model": "Game.answer", "fields": {"answer": "A school for young girls was founded, run according to Wollstonecraft\u2019s ideas on education", "question": 26, "rightAnswer": false}}, {"pk": 104, "model": "Game.answer", "fields": {"answer": "Readers were shocked by the life and ideas of Wollstonecraft and she was soon completely forgotten", "question": 26, "rightAnswer": true}}, {"pk": 105, "model": "Game.answer", "fields": {"answer": "her father, Lord Byron, who instructed her in poetry and literature", "question": 27, "rightAnswer": false}}, {"pk": 106, "model": "Game.answer", "fields": {"answer": "her grandfather, who sent her to a prestigious boarding school", "question": 27, "rightAnswer": false}}, {"pk": 107, "model": "Game.answer", "fields": {"answer": "her mother, Anne Isabella Milbanke, who taught her mathematics and logic", "question": 27, "rightAnswer": true}}, {"pk": 108, "model": "Game.answer", "fields": {"answer": "her grandmother, who wanted her to marry well ", "question": 27, "rightAnswer": false}}, {"pk": 109, "model": "Game.answer", "fields": {"answer": "She was the first female Latino rapper to sell a million records", "question": 28, "rightAnswer": false}}, {"pk": 110, "model": "Game.answer", "fields": {"answer": "She was one of the Spanish conquistadores", "question": 28, "rightAnswer": false}}, {"pk": 111, "model": "Game.answer", "fields": {"answer": "She was the wife of Montezuma, the last Aztec emperor", "question": 28, "rightAnswer": false}}, {"pk": 112, "model": "Game.answer", "fields": {"answer": "She was a native captive of the conquistadores ", "question": 28, "rightAnswer": true}}, {"pk": 113, "model": "Game.answer", "fields": {"answer": "She fought against the Spanish conquistadores", "question": 29, "rightAnswer": true}}, {"pk": 114, "model": "Game.answer", "fields": {"answer": "She was given as a peace offering to Montezuma", "question": 29, "rightAnswer": false}}, {"pk": 115, "model": "Game.answer", "fields": {"answer": "She was a translator and intermediary between the Spanish and the native peoples ", "question": 29, "rightAnswer": false}}, {"pk": 116, "model": "Game.answer", "fields": {"answer": "She was a powerless onlooker", "question": 29, "rightAnswer": false}}, {"pk": 117, "model": "Game.answer", "fields": {"answer": "She was a suffragette", "question": 30, "rightAnswer": false}}, {"pk": 118, "model": "Game.answer", "fields": {"answer": "She was an Indian princess", "question": 30, "rightAnswer": false}}, {"pk": 119, "model": "Game.answer", "fields": {"answer": "She was a member of the Lewis and Clark expedition", "question": 30, "rightAnswer": true}}, {"pk": 120, "model": "Game.answer", "fields": {"answer": "She was a warrior that fought against European settlers", "question": 30, "rightAnswer": false}}, {"pk": 121, "model": "Game.answer", "fields": {"answer": "She pointed at all sorts of things that Lewis and Clark did not notice", "question": 31, "rightAnswer": false}}, {"pk": 122, "model": "Game.answer", "fields": {"answer": "She was Clark\u2019s lover", "question": 31, "rightAnswer": false}}, {"pk": 123, "model": "Game.answer", "fields": {"answer": "She was an undercover agent sent to ruin the expedition", "question": 31, "rightAnswer": false}}, {"pk": 124, "model": "Game.answer", "fields": {"answer": "She was interpreter and guide", "question": 31, "rightAnswer": true}}, {"pk": 125, "model": "Game.answer", "fields": {"answer": "From the journals of Lewis and Clarke, who sometimes mentioned \u201cthe Indian woman\u201d", "question": 32, "rightAnswer": true}}, {"pk": 126, "model": "Game.answer", "fields": {"answer": "From all the nice, romantic fiction that has been written about her", "question": 32, "rightAnswer": false}}, {"pk": 127, "model": "Game.answer", "fields": {"answer": "From her son, who remembered her clearly because she brought him up", "question": 32, "rightAnswer": false}}, {"pk": 128, "model": "Game.answer", "fields": {"answer": "From her autobiography, the famous 19th century New York Times bestseller", "question": 32, "rightAnswer": false}}, {"pk": 129, "model": "Game.answer", "fields": {"answer": "She was born a slave and her owners saw fit to sell her away", "question": 33, "rightAnswer": true}}, {"pk": 130, "model": "Game.answer", "fields": {"answer": "She had to start earning her own money as a washer woman", "question": 33, "rightAnswer": false}}, {"pk": 131, "model": "Game.answer", "fields": {"answer": "She ran away from her parents because of their alcohol abuse", "question": 33, "rightAnswer": false}}, {"pk": 132, "model": "Game.answer", "fields": {"answer": "Her parents went to prison and she was sent to an orphanage", "question": 33, "rightAnswer": false}}, {"pk": 133, "model": "Game.answer", "fields": {"answer": "She was going to join a travelling theatre, and needed a grandiose stage name", "question": 34, "rightAnswer": false}}, {"pk": 134, "model": "Game.answer", "fields": {"answer": "Her old name was loaded with the burden of her unhappy past, and she felt that god had given her a new name for her new life", "question": 34, "rightAnswer": true}}, {"pk": 135, "model": "Game.answer", "fields": {"answer": "The pillowcase she used to carry her belongings on the road was manufactured by Sojourners Inc., and she took it as a sign", "question": 34, "rightAnswer": false}}, {"pk": 136, "model": "Game.answer", "fields": {"answer": "She was running away from heavy debts, and needed a new identity to escape the law", "question": 34, "rightAnswer": false}}, {"pk": 137, "model": "Game.answer", "fields": {"answer": "To get everyone to stop frolicking and mend their sinful ways", "question": 35, "rightAnswer": false}}, {"pk": 138, "model": "Game.answer", "fields": {"answer": "To spread the message of universal love", "question": 35, "rightAnswer": false}}, {"pk": 139, "model": "Game.answer", "fields": {"answer": "To tell everyone how amazing the pillowcases manufactured by Sojourners Inc. were", "question": 35, "rightAnswer": false}}, {"pk": 140, "model": "Game.answer", "fields": {"answer": "To effect a change in the law concerning the civil rights of African Americans and Women", "question": 35, "rightAnswer": true}}, {"pk": 141, "model": "Game.answer", "fields": {"answer": "The Revolutionary: \u201cOnly by controlling the means of production can women achieve equal rights as men\u201d", "question": 36, "rightAnswer": false}}, {"pk": 142, "model": "Game.answer", "fields": {"answer": "The Cosmopolitan: \u201cBeauty matters. Diet or die.\u201d", "question": 36, "rightAnswer": false}}, {"pk": 143, "model": "Game.answer", "fields": {"answer": "Knit and Crochet: \u201cWith our needle, we shall stab out the eye of the patriarchy\u201d", "question": 36, "rightAnswer": false}}, {"pk": 144, "model": "Game.answer", "fields": {"answer": "The Revolution: \u201cThe true republic- men, their rights and nothing more; women, their rights and nothing less.\u201d", "question": 36, "rightAnswer": true}}, {"pk": 145, "model": "Game.answer", "fields": {"answer": "Dressing as a man", "question": 37, "rightAnswer": false}}, {"pk": 146, "model": "Game.answer", "fields": {"answer": "Voting in an election", "question": 37, "rightAnswer": true}}, {"pk": 147, "model": "Game.answer", "fields": {"answer": "Inciting the public to riot", "question": 37, "rightAnswer": false}}, {"pk": 148, "model": "Game.answer", "fields": {"answer": "Stealing all the votes from Massachusetts for the presidential election and setting them publicly on fire", "question": 37, "rightAnswer": false}}, {"pk": 149, "model": "Game.answer", "fields": {"answer": "With the money that her journal, The Revolution, brought in", "question": 38, "rightAnswer": false}}, {"pk": 150, "model": "Game.answer", "fields": {"answer": "With the money she earned from speaking in public conventions all around the country", "question": 38, "rightAnswer": true}}, {"pk": 151, "model": "Game.answer", "fields": {"answer": "With the money that women around the United States donated to the women\u2019s right movement", "question": 38, "rightAnswer": false}}, {"pk": 152, "model": "Game.answer", "fields": {"answer": "She worked on the side as a Bible salesman", "question": 38, "rightAnswer": false}}, {"pk": 153, "model": "Game.answer", "fields": {"answer": "a painter who specialized in depicting woods", "question": 39, "rightAnswer": true}}, {"pk": 154, "model": "Game.answer", "fields": {"answer": "the founder of the East Anglia Sanatorium", "question": 39, "rightAnswer": false}}, {"pk": 155, "model": "Game.answer", "fields": {"answer": "the first woman to become a Canadian mountain ranger", "question": 39, "rightAnswer": false}}, {"pk": 156, "model": "Game.answer", "fields": {"answer": "a pioneering collector of Native American art ", "question": 39, "rightAnswer": false}}, {"pk": 157, "model": "Game.answer", "fields": {"answer": "was universally admired for all her fancy Paris outfits", "question": 40, "rightAnswer": false}}, {"pk": 158, "model": "Game.answer", "fields": {"answer": "immediately sold a painting to an enthusiastic art connoisseur", "question": 40, "rightAnswer": false}}, {"pk": 159, "model": "Game.answer", "fields": {"answer": "found out that nobody appreciated her modern way of painting", "question": 40, "rightAnswer": true}}, {"pk": 160, "model": "Game.answer", "fields": {"answer": "caused a great scandal with her bold views on painting nudity", "question": 40, "rightAnswer": false}}, {"pk": 161, "model": "Game.answer", "fields": {"answer": "Decided that she had had enough. She threw a ceramic pot in the head of the leader of the local arts and crafts society, when he snickered at her work. The country-wide scandal that followed caused her to be rediscovered as an artist.", "question": 41, "rightAnswer": false}}, {"pk": 162, "model": "Game.answer", "fields": {"answer": "gave up and started to paint sentimental paintings of people\u2019s pets, entirely giving up on art, just to be able to paint something", "question": 41, "rightAnswer": false}}, {"pk": 163, "model": "Game.answer", "fields": {"answer": "left for the wild Canadian forests with her favourite dog, never to be seen again", "question": 41, "rightAnswer": false}}, {"pk": 164, "model": "Game.answer", "fields": {"answer": "was rediscovered through her work based on Native American Culture and entered her most productive phase as an artist", "question": 41, "rightAnswer": true}}, {"pk": 165, "model": "Game.answer", "fields": {"answer": "She had to spend some time involuntarily in a catholic reform home", "question": 42, "rightAnswer": true}}, {"pk": 166, "model": "Game.answer", "fields": {"answer": "She was repeatedly arrested for shoplifting as a child", "question": 42, "rightAnswer": false}}, {"pk": 167, "model": "Game.answer", "fields": {"answer": "She took music lessons with her relative, Mrs. Scott.", "question": 42, "rightAnswer": false}}, {"pk": 168, "model": "Game.answer", "fields": {"answer": "She disliked all authority and teachers refused to have her in class", "question": 42, "rightAnswer": false}}, {"pk": 169, "model": "Game.answer", "fields": {"answer": "It is about a funny specimen of a banana", "question": 43, "rightAnswer": false}}, {"pk": 170, "model": "Game.answer", "fields": {"answer": "It is about naked people swinging carelessly in the trees", "question": 43, "rightAnswer": false}}, {"pk": 171, "model": "Game.answer", "fields": {"answer": "It is about the horrors of racial violence", "question": 43, "rightAnswer": true}}, {"pk": 172, "model": "Game.answer", "fields": {"answer": "It is about being an outcast in society", "question": 43, "rightAnswer": false}}, {"pk": 173, "model": "Game.answer", "fields": {"answer": "she had a great vocal range", "question": 44, "rightAnswer": false}}, {"pk": 174, "model": "Game.answer", "fields": {"answer": "she was a great songwriter", "question": 44, "rightAnswer": false}}, {"pk": 175, "model": "Game.answer", "fields": {"answer": "she was the first singer to use Autotune ", "question": 44, "rightAnswer": false}}, {"pk": 176, "model": "Game.answer", "fields": {"answer": "she gave a special meaning to all the lyrics she sang", "question": 44, "rightAnswer": true}}, {"pk": 1, "model": "auth.permission", "fields": {"codename": "add_permission", "name": "Can add permission", "content_type": 1}}, {"pk": 2, "model": "auth.permission", "fields": {"codename": "change_permission", "name": "Can change permission", "content_type": 1}}, {"pk": 3, "model": "auth.permission", "fields": {"codename": "delete_permission", "name": "Can delete permission", "content_type": 1}}, {"pk": 4, "model": "auth.permission", "fields": {"codename": "add_group", "name": "Can add group", "content_type": 2}}, {"pk": 5, "model": "auth.permission", "fields": {"codename": "change_group", "name": "Can change group", "content_type": 2}}, {"pk": 6, "model": "auth.permission", "fields": {"codename": "delete_group", "name": "Can delete group", "content_type": 2}}, {"pk": 7, "model": "auth.permission", "fields": {"codename": "add_user", "name": "Can add user", "content_type": 3}}, {"pk": 8, "model": "auth.permission", "fields": {"codename": "change_user", "name": "Can change user", "content_type": 3}}, {"pk": 9, "model": "auth.permission", "fields": {"codename": "delete_user", "name": "Can delete user", "content_type": 3}}, {"pk": 10, "model": "auth.permission", "fields": {"codename": "add_contenttype", "name": "Can add content type", "content_type": 4}}, {"pk": 11, "model": "auth.permission", "fields": {"codename": "change_contenttype", "name": "Can change content type", "content_type": 4}}, {"pk": 12, "model": "auth.permission", "fields": {"codename": "delete_contenttype", "name": "Can delete content type", "content_type": 4}}, {"pk": 13, "model": "auth.permission", "fields": {"codename": "add_session", "name": "Can add session", "content_type": 5}}, {"pk": 14, "model": "auth.permission", "fields": {"codename": "change_session", "name": "Can change session", "content_type": 5}}, {"pk": 15, "model": "auth.permission", "fields": {"codename": "delete_session", "name": "Can delete session", "content_type": 5}}, {"pk": 16, "model": "auth.permission", "fields": {"codename": "add_site", "name": "Can add site", "content_type": 6}}, {"pk": 17, "model": "auth.permission", "fields": {"codename": "change_site", "name": "Can change site", "content_type": 6}}, {"pk": 18, "model": "auth.permission", "fields": {"codename": "delete_site", "name": "Can delete site", "content_type": 6}}, {"pk": 19, "model": "auth.permission", "fields": {"codename": "add_logentry", "name": "Can add log entry", "content_type": 7}}, {"pk": 20, "model": "auth.permission", "fields": {"codename": "change_logentry", "name": "Can change log entry", "content_type": 7}}, {"pk": 21, "model": "auth.permission", "fields": {"codename": "delete_logentry", "name": "Can delete log entry", "content_type": 7}}, {"pk": 22, "model": "auth.permission", "fields": {"codename": "add_level", "name": "Can add level", "content_type": 8}}, {"pk": 23, "model": "auth.permission", "fields": {"codename": "change_level", "name": "Can change level", "content_type": 8}}, {"pk": 24, "model": "auth.permission", "fields": {"codename": "delete_level", "name": "Can delete level", "content_type": 8}}, {"pk": 25, "model": "auth.permission", "fields": {"codename": "add_question", "name": "Can add question", "content_type": 9}}, {"pk": 26, "model": "auth.permission", "fields": {"codename": "change_question", "name": "Can change question", "content_type": 9}}, {"pk": 27, "model": "auth.permission", "fields": {"codename": "delete_question", "name": "Can delete question", "content_type": 9}}, {"pk": 28, "model": "auth.permission", "fields": {"codename": "add_answer", "name": "Can add answer", "content_type": 10}}, {"pk": 29, "model": "auth.permission", "fields": {"codename": "change_answer", "name": "Can change answer", "content_type": 10}}, {"pk": 30, "model": "auth.permission", "fields": {"codename": "delete_answer", "name": "Can delete answer", "content_type": 10}}, {"pk": 31, "model": "auth.permission", "fields": {"codename": "add_apiaccess", "name": "Can add api access", "content_type": 11}}, {"pk": 32, "model": "auth.permission", "fields": {"codename": "change_apiaccess", "name": "Can change api access", "content_type": 11}}, {"pk": 33, "model": "auth.permission", "fields": {"codename": "delete_apiaccess", "name": "Can delete api access", "content_type": 11}}, {"pk": 34, "model": "auth.permission", "fields": {"codename": "add_apikey", "name": "Can add api key", "content_type": 12}}, {"pk": 35, "model": "auth.permission", "fields": {"codename": "change_apikey", "name": "Can change api key", "content_type": 12}}, {"pk": 36, "model": "auth.permission", "fields": {"codename": "delete_apikey", "name": "Can delete api key", "content_type": 12}}, {"pk": 1, "model": "auth.user", "fields": {"username": "inga", "first_name": "", "last_name": "", "is_active": true, "is_superuser": true, "is_staff": true, "last_login": "2013-08-01T10:21:55.191Z", "groups": [], "user_permissions": [], "password": "pbkdf2_sha256$10000$hyXvtvohiYqb$4hdQ7Kv2bXG1vzhKCQsv8kjsVJoJWaecfMVNGVN+5qg=", "email": "i.johannsdottir@gmail.com", "date_joined": "2013-07-03T22:44:58.526Z"}}, {"pk": 1, "model": "admin.logentry", "fields": {"action_flag": 1, "action_time": "2013-07-03T22:51:48.403Z", "object_repr": "Level 1 - Europe", "object_id": "1", "change_message": "", "user": 1, "content_type": 8}}, {"pk": 2, "model": "admin.logentry", "fields": {"action_flag": 1, "action_time": "2013-07-03T22:53:31.167Z", "object_repr": "Sappho is the most famous female poet of Europe. What did she most often write  about?", "object_id": "1", "change_message": "", "user": 1, "content_type": 9}}, {"pk": 3, "model": "admin.logentry", "fields": {"action_flag": 1, "action_time": "2013-07-11T11:20:05.024Z", "object_repr": "In 1979, an encyclopedia about famous homosexual women was written. There, Sappho was described with:", "object_id": "2", "change_message": "", "user": 1, "content_type": 9}}, {"pk": 4, "model": "admin.logentry", "fields": {"action_flag": 1, "action_time": "2013-07-11T11:21:09.918Z", "object_repr": "Who was the first person to write plays in Christian Europe?", "object_id": "3", "change_message": "", "user": 1, "content_type": 9}}, {"pk": 5, "model": "admin.logentry", "fields": {"action_flag": 1, "action_time": "2013-07-11T11:22:07.877Z", "object_repr": "In the 10th century, women of high birth had great opportunities for learning in:", "object_id": "4", "change_message": "", "user": 1, "content_type": 9}}, {"pk": 6, "model": "admin.logentry", "fields": {"action_flag": 1, "action_time": "2013-07-11T11:23:09.187Z", "object_repr": "In the plays of Hrotsvit of Gandersheim (the first European plays during Christianity) the main characters always want to:", "object_id": "5", "change_message": "", "user": 1, "content_type": 9}}, {"pk": 7, "model": "admin.logentry", "fields": {"action_flag": 1, "action_time": "2013-07-11T11:24:25.564Z", "object_repr": "Hildegard of Bingen, theologian, mystic, scientist and music composer of the 13th century, had a very unusual childhood. Why?", "object_id": "6", "change_message": "", "user": 1, "content_type": 9}}, {"pk": 8, "model": "admin.logentry", "fields": {"action_flag": 1, "action_time": "2013-07-11T11:25:14.491Z", "object_repr": "Hildegard both practised medicine and wrote about it, even if she lived in an age when putting a lion\u2019s ear on your head to get rid of a headache did not seem like an unreasonable thing to suggest. Wh", "object_id": "7", "change_message": "", "user": 1, "content_type": 9}}, {"pk": 9, "model": "admin.logentry", "fields": {"action_flag": 1, "action_time": "2013-07-11T11:26:03.979Z", "object_repr": "Hildegard became famous in her own time because of her religious visions. When she put them into writing, she supervised the illustrations of the manuscripts, to make them available to others. What th", "object_id": "8", "change_message": "", "user": 1, "content_type": 9}}, {"pk": 10, "model": "admin.logentry", "fields": {"action_flag": 1, "action_time": "2013-07-11T11:26:46.868Z", "object_repr": "Anna Komnene was the oldest daughter of Alexios I, emperor of Constantinople. It is therefore maybe not surprising that she wasn\u2019t exactly weighed down with low self-esteem. Name one thing that she do", "object_id": "9", "change_message": "", "user": 1, "content_type": 9}}, {"pk": 11, "model": "admin.logentry", "fields": {"action_flag": 1, "action_time": "2013-07-11T11:27:36.546Z", "object_repr": "When her father, Alexios I, died, it is likely that Anna Komnene:", "object_id": "10", "change_message": "", "user": 1, "content_type": 9}}, {"pk": 12, "model": "admin.logentry", "fields": {"action_flag": 1, "action_time": "2013-07-11T11:28:20.168Z", "object_repr": "Anna Komnene\u2019s great historical work, the Alexiad, is famous because:", "object_id": "11", "change_message": "", "user": 1, "content_type": 9}}, {"pk": 13, "model": "admin.logentry", "fields": {"action_flag": 1, "action_time": "2013-07-11T11:29:19.093Z", "object_repr": "Birgitta Birgersdatter, was a 14th century woman who was made a saint after her death. She was, however, a very unconventional saint by any standards. This was mainly because:", "object_id": "12", "change_message": "", "user": 1, "content_type": 9}}, {"pk": 14, "model": "admin.logentry", "fields": {"action_flag": 1, "action_time": "2013-07-11T11:30:05.318Z", "object_repr": "Over her long life, Birgitta made public around 700 supernatural revelations. Many of them were directed to influential people of her time, and commented on contemporary politics. (Incidentally, the h", "object_id": "13", "change_message": "", "user": 1, "content_type": 9}}, {"pk": 15, "model": "admin.logentry", "fields": {"action_flag": 1, "action_time": "2013-07-11T11:30:52.753Z", "object_repr": "Birgitta founded a new monastery order, called the Bridgettines. What was so special about the new order, and caused considerable trouble with the traditional church?", "object_id": "14", "change_message": "", "user": 1, "content_type": 9}}, {"pk": 16, "model": "admin.logentry", "fields": {"action_flag": 1, "action_time": "2013-07-11T11:31:42.301Z", "object_repr": "In the middle ages, a female writer had the same goal as the Reconesse Database, to create a historical overview of interesting women in history. Her work was called The Book of the City of the Ladies", "object_id": "15", "change_message": "", "user": 1, "content_type": 9}}, {"pk": 17, "model": "admin.logentry", "fields": {"action_flag": 1, "action_time": "2013-07-11T11:32:28.588Z", "object_repr": "Christine de Pizan was a pioneer in many things, for example she:", "object_id": "16", "change_message": "", "user": 1, "content_type": 9}}, {"pk": 18, "model": "admin.logentry", "fields": {"action_flag": 1, "action_time": "2013-07-11T11:33:19.281Z", "object_repr": "Christine de Pizan is often called a proto-feminist. That is because:", "object_id": "17", "change_message": "", "user": 1, "content_type": 9}}, {"pk": 19, "model": "admin.logentry", "fields": {"action_flag": 1, "action_time": "2013-07-11T11:33:56.281Z", "object_repr": "Blanche of Namur was born in the 14th century in modern-day Belgium, but she was queen of Norway and Sweden by marriage. She was the first Norwegian queen that:", "object_id": "18", "change_message": "", "user": 1, "content_type": 9}}, {"pk": 20, "model": "admin.logentry", "fields": {"action_flag": 1, "action_time": "2013-07-11T11:34:43.781Z", "object_repr": "For a long time, Blanche of Namur lived in Tunsberg and Bohus, these places were:", "object_id": "19", "change_message": "", "user": 1, "content_type": 9}}, {"pk": 21, "model": "admin.logentry", "fields": {"action_flag": 1, "action_time": "2013-07-11T11:35:28.464Z", "object_repr": "Blanche and her husband were not completely successful monarchs, and as a result they were the victims of accusations and even slander. Which of these things was Blanche NOT accused of?", "object_id": "20", "change_message": "", "user": 1, "content_type": 9}}, {"pk": 22, "model": "admin.logentry", "fields": {"action_flag": 1, "action_time": "2013-07-11T11:36:11.150Z", "object_repr": "Charlotte Corday was a participant in the French Revolution and died in 1793. What was her part in the politics of her day?", "object_id": "21", "change_message": "", "user": 1, "content_type": 9}}, {"pk": 23, "model": "admin.logentry", "fields": {"action_flag": 1, "action_time": "2013-07-11T11:36:50.680Z", "object_repr": "Who was Charlotte\u2019s Corday idol?", "object_id": "22", "change_message": "", "user": 1, "content_type": 9}}, {"pk": 24, "model": "admin.logentry", "fields": {"action_flag": 1, "action_time": "2013-07-11T11:37:34.856Z", "object_repr": "Why did Charlotte Corday kill Jean Paul Marat?", "object_id": "23", "change_message": "", "user": 1, "content_type": 9}}, {"pk": 25, "model": "admin.logentry", "fields": {"action_flag": 1, "action_time": "2013-07-11T11:38:19.771Z", "object_repr": "Mary Wollstonecraft was a British philosopher and writer in the 18th century. She started her career as a teacher, but many of her theories on teaching were so radical that she could not follow them, ", "object_id": "24", "change_message": "", "user": 1, "content_type": 9}}, {"pk": 26, "model": "admin.logentry", "fields": {"action_flag": 1, "action_time": "2013-07-11T11:40:09.549Z", "object_repr": "Mary Wollstonecraft witnessed the beginning of the French Revolution. What was NOT her reaction?", "object_id": "25", "change_message": "", "user": 1, "content_type": 9}}, {"pk": 27, "model": "admin.logentry", "fields": {"action_flag": 1, "action_time": "2013-07-11T11:40:50.260Z", "object_repr": "Mary Wollstonecraft died in 1797, at the age of 38. Her widower, William Godwin, wrote a book in her memory shortly afterwards, to uphold her memory. The public reaction was:", "object_id": "26", "change_message": "", "user": 1, "content_type": 9}}, {"pk": 28, "model": "admin.logentry", "fields": {"action_flag": 1, "action_time": "2013-07-11T11:41:41.546Z", "object_repr": "Ada Lovelace was raised by:", "object_id": "27", "change_message": "", "user": 1, "content_type": 9}}, {"pk": 29, "model": "admin.logentry", "fields": {"action_flag": 1, "action_time": "2013-07-17T22:49:31.597Z", "object_repr": "Level 2 - Latin America", "object_id": "2", "change_message": "", "user": 1, "content_type": 8}}, {"pk": 30, "model": "admin.logentry", "fields": {"action_flag": 1, "action_time": "2013-07-17T22:52:19.070Z", "object_repr": "Who was La Malinche? ", "object_id": "28", "change_message": "", "user": 1, "content_type": 9}}, {"pk": 31, "model": "admin.logentry", "fields": {"action_flag": 1, "action_time": "2013-07-17T22:53:31.366Z", "object_repr": "What part did La Malinche play during the conquest of Centro-America? ", "object_id": "29", "change_message": "", "user": 1, "content_type": 9}}, {"pk": 32, "model": "admin.logentry", "fields": {"action_flag": 1, "action_time": "2013-08-01T11:01:02.938Z", "object_repr": "Level 3 - N-America", "object_id": "3", "change_message": "", "user": 1, "content_type": 8}}, {"pk": 33, "model": "admin.logentry", "fields": {"action_flag": 1, "action_time": "2013-08-01T11:02:07.831Z", "object_repr": "Who was Sacagawea?", "object_id": "30", "change_message": "", "user": 1, "content_type": 9}}, {"pk": 34, "model": "admin.logentry", "fields": {"action_flag": 1, "action_time": "2013-08-01T11:03:05.513Z", "object_repr": "What was Sacagawea's part in the Lewis and Clark expedition?", "object_id": "31", "change_message": "", "user": 1, "content_type": 9}}, {"pk": 35, "model": "admin.logentry", "fields": {"action_flag": 1, "action_time": "2013-08-01T11:03:49.700Z", "object_repr": "Where does our historical information about Sacagawea come from?", "object_id": "32", "change_message": "", "user": 1, "content_type": 9}}, {"pk": 36, "model": "admin.logentry", "fields": {"action_flag": 1, "action_time": "2013-08-01T11:04:29.947Z", "object_repr": "Sojourner Truth was separated from her parents at the age of nine. Why?", "object_id": "33", "change_message": "", "user": 1, "content_type": 9}}, {"pk": 37, "model": "admin.logentry", "fields": {"action_flag": 1, "action_time": "2013-08-01T11:05:18.329Z", "object_repr": "In 1843, Sojourner Truth left her old life behind, along with her old name Isabella Van Wagener and set out on the road to east. Why did she pick a new name?", "object_id": "34", "change_message": "", "user": 1, "content_type": 9}}, {"pk": 38, "model": "admin.logentry", "fields": {"action_flag": 1, "action_time": "2013-08-01T11:06:04.798Z", "object_repr": "What was the purpose of Sojourner\u2019s famous speeches?", "object_id": "35", "change_message": "", "user": 1, "content_type": 9}}, {"pk": 39, "model": "admin.logentry", "fields": {"action_flag": 1, "action_time": "2013-08-01T11:06:59.715Z", "object_repr": "In 1868-1870, Susan B. Anthony managed the publication of a weekly newspaper. What was it called and what was its motto?", "object_id": "36", "change_message": "", "user": 1, "content_type": 9}}, {"pk": 40, "model": "admin.logentry", "fields": {"action_flag": 1, "action_time": "2013-08-01T11:07:41.987Z", "object_repr": "In 1873, Susan B. Anthony was judged guilty of a crime. What was her offense?", "object_id": "37", "change_message": "", "user": 1, "content_type": 9}}, {"pk": 41, "model": "admin.logentry", "fields": {"action_flag": 1, "action_time": "2013-08-01T11:08:32.531Z", "object_repr": "Susan B. Anthony left the profession of teaching at the age of 29. How did she support herself after that?", "object_id": "38", "change_message": "", "user": 1, "content_type": 9}}, {"pk": 42, "model": "admin.logentry", "fields": {"action_flag": 1, "action_time": "2013-08-01T11:09:04.787Z", "object_repr": "Emily Carr was:", "object_id": "39", "change_message": "", "user": 1, "content_type": 9}}, {"pk": 43, "model": "admin.logentry", "fields": {"action_flag": 1, "action_time": "2013-08-01T11:09:50.961Z", "object_repr": "Emily Carr finished her education as an artist in France in 1911. When she returned back home to Canada, she:", "object_id": "40", "change_message": "", "user": 1, "content_type": 9}}, {"pk": 44, "model": "admin.logentry", "fields": {"action_flag": 1, "action_time": "2013-08-01T11:10:36.737Z", "object_repr": "For 15 years, Emily Carr could not paint because of economical problems. Renting out rooms, making pottery for tourists and breeding dogs took up all her time. At last, she:", "object_id": "41", "change_message": "", "user": 1, "content_type": 9}}, {"pk": 45, "model": "admin.logentry", "fields": {"action_flag": 1, "action_time": "2013-08-01T11:11:20.323Z", "object_repr": "What was Billie Holiday\u2019s childhood like?", "object_id": "42", "change_message": "", "user": 1, "content_type": 9}}, {"pk": 46, "model": "admin.logentry", "fields": {"action_flag": 1, "action_time": "2013-08-01T11:12:21.269Z", "object_repr": "One of Billie Holiday's most famous song is called Strange Fruit. What is it about?", "object_id": "43", "change_message": "", "user": 1, "content_type": 9}}, {"pk": 47, "model": "admin.logentry", "fields": {"action_flag": 1, "action_time": "2013-08-01T11:12:56.657Z", "object_repr": "Billie Holiday is remembered as a musician because:", "object_id": "44", "change_message": "", "user": 1, "content_type": 9}}]
